20221188950,Donny,Spieght,Worrill,5/13/2006,16,F,157,10,BEC,1
20222215132,Carleton,Lohde,Jirka,1/30/2006,16,M,147,10,BEC,2
20227932239,Penelopa,Klimowski,Stubbley,9/18/2006,15,F,342,10,BEC,3
20221099083,Shanan,Mackleden,Kristiansen,2/10/2006,16,M,104,10,BEC,4
20223900094,Lewiss,Folkes,Blenkinsopp,7/30/2006,16,M,73,10,BEC,5
20222367253,Baron,Reed,Ridgley,1/27/2006,16,M,148,10,BEC,6
20220456177,Tildy,Gorger,Kibby,7/12/2006,15,F,310,10,BEC,7
20222312997,Talbert,Diable,Brose,12/17/2006,16,M,246,10,BEC,8
20226055179,Anthia,Chatelet,Roscher,12/29/2006,15,F,123,10,BEC,9
20220471600,Gus,Berryman,Shutte,12/7/2006,16,F,15,10,BEC,10
20221898827,Valli,Beecheno,Nutting,12/29/2006,16,F,143,10,BEC,11
20221764282,Boot,L'Episcopi,Cawcutt,11/7/2006,16,M,9,10,BEC,12
20228599015,Audie,Duckit,Tours,4/28/2006,16,F,45,10,BEC,13
20224606184,Ricky,Leakner,Allsebrook,2/17/2006,15,M,97,10,BEC,14
20224960608,Archie,MacSorley,Seamon,10/16/2006,16,M,200,10,BEC,15
20226328144,Ardene,Keizman,Twiddy,6/16/2006,15,F,55,10,BEC,16
20226656232,Torr,Gurry,Emblin,8/27/2006,16,M,219,10,BEC,17
20227167056,Teri,Deniseau,Resun,8/21/2006,15,F,4,10,BEC,18
20228032664,Randi,Trayhorn,Gott,11/8/2006,16,M,325,10,BEC,19
20224165749,Daniele,Karet,Burthom,8/23/2006,15,F,179,10,BEC,20
20225528842,Thorpe,Harmes,Kavanagh,7/4/2006,16,M,253,10,BEC,21
20227812323,Mona,Sherborne,Croysdale,8/25/2006,15,F,74,10,BEC,22
20222803121,Domenic,Lindenman,Peracco,1/20/2006,15,M,196,10,BEC,23
20227085073,Grantley,Girardez,Teggin,3/12/2006,16,M,101,10,BEC,24
20229417942,Salmon,Bortolini,Poynser,11/13/2006,15,M,364,10,BEC,25
20225199897,Evvy,Andriessen,Baffin,11/22/2006,16,F,296,10,BEC,26
20226519246,Si,Kynsey,Chaston,5/2/2006,15,M,205,10,BEC,27
20222211226,Bradley,Lawley,Maun,1/24/2006,15,M,239,10,BEC,28
20227400859,Sim,Corsham,O'Crotty,8/7/2006,16,M,68,10,BEC,29
20229508389,Darby,Baltrushaitis,Trippett,2/23/2006,16,F,304,10,BEC,30
20224315619,Jerry,Jarley,Gillfillan,1/4/2006,16,M,328,10,BEC,31
20228251123,Emlyn,Delcastel,Cassley,12/25/2006,15,F,370,10,BEC,32
20223547789,Rossy,Hitzmann,Rojas,4/7/2006,16,M,200,10,BEC,33
20225279764,Cleveland,Mabbott,Pentony,6/28/2006,15,M,212,10,BEC,34
20228318023,Yance,Peters,Atterley,10/1/2006,15,M,53,10,BEC,35
20226415716,Lorens,Pimblott,Deamer,7/6/2006,15,M,27,10,BEC,36
20224445987,Roland,Haggish,Wegner,10/27/2006,16,M,188,10,BEC,37
20221916647,Neale,Olden,Lowre,12/18/2006,15,M,166,10,BEC,38
20228718788,Ebonee,Reynoollds,Menaul,2/20/2006,15,F,41,10,BEC,39
20220198106,Kassi,Hyndes,Sanney,11/29/2006,15,F,270,10,BEC,40
20222639746,Kahaleel,Coryndon,Gellert,2/27/2006,16,M,94,10,BEC,41
20228282441,Zonda,Metcalf,McWhinnie,11/30/2006,16,F,272,10,BEC,42
20222925993,Gonzales,Ghiron,Priel,2/6/2006,15,M,72,10,BEC,43
20225915548,Baryram,Guilayn,Biggam,9/7/2006,16,M,170,10,BEC,44
20228761417,Cathlene,Cotherill,Bimson,7/9/2006,15,F,75,10,BEC,45
20228849313,Anthea,Fenck,Berthouloume,9/1/2006,16,F,291,10,BEC,46
20226016795,Magda,Gaze,Saffill,1/26/2006,16,F,384,10,BEC,47
20224664648,Itch,Kerne,Herculson,11/16/2006,15,M,230,10,BEC,48
20223084167,Celine,Varns,Legges,4/1/2006,15,F,199,10,BEC,49
20229928891,Caprice,Tomasek,Chirm,5/1/2006,15,F,112,10,BEC,50
20221255059,Madlin,Guwer,Alwin,5/17/2006,16,F,264,10,BEC,51
20223861988,Dill,Giacopazzi,Genn,10/24/2006,16,M,162,10,BEC,52
20229127747,Reade,Whybrow,Rays,9/25/2006,15,M,322,10,BEC,53
20225643972,Cris,Bossom,Pyecroft,6/22/2006,15,M,325,10,BEC,54
20223539868,Merrel,Linnard,d'Arcy,4/19/2006,16,M,102,10,BEC,55
20229998429,Ophelie,Genge,MacCorley,4/23/2006,16,F,91,10,BEC,56
20229770400,Shellysheldon,Elcy,Gulleford,12/5/2006,15,M,182,10,BEC,57
20223128928,Klement,Klimashevich,Klemencic,2/11/2006,15,M,358,10,BEC,58
20225588660,Richie,Wakenshaw,Panner,3/3/2006,15,M,381,10,BEC,59
20220553950,Carce,Thoresby,O'Howbane,3/9/2006,16,M,355,10,BEC,60
20227171482,Starlin,Duferie,Campione,2/8/2006,15,F,71,10,BEC,61
20229780369,Darwin,Foyster,Boyer,7/28/2006,15,M,271,10,BEC,62
20225200002,Ashla,Writer,Riepl,2/1/2006,16,F,330,10,BEC,63
20224460054,Krissie,Foxen,Alexandrescu,4/11/2006,15,F,148,10,SPA,64
20220979469,Karola,Canadine,Myall,3/23/2006,16,F,31,10,SPA,65
20225652642,Frasier,Wines,Druitt,7/2/2006,15,M,264,10,SPA,66
20223422609,Saunders,Gatchel,McGill,12/18/2006,16,M,151,10,SPA,67
20222275253,Teodor,Ruff,O'Lunney,4/27/2006,15,M,260,10,SPA,68
20228968986,Melli,Furley,Dumbarton,3/30/2006,16,F,177,10,SPA,69
20226127005,Courtney,Hallward,Vasyaev,5/17/2006,16,M,235,10,SPA,70
20221523431,Remington,de Juares,Cornelissen,3/1/2006,16,M,121,10,SPA,71
20222852150,Doug,Mackie,Shields,3/31/2006,15,M,294,10,SPA,72
20220474501,Merill,Coughan,Jagels,8/14/2006,16,M,381,10,SPA,73
20228603525,Iorgo,Skinner,Trees,4/16/2006,16,M,257,10,SPA,74
20220556914,Lindsay,Eastbrook,Franchi,8/13/2006,16,M,323,10,SPA,75
20222466188,Lloyd,McGlue,Minghetti,6/15/2006,15,M,382,10,SPA,76
20224085643,Pearle,Tampling,Dackombe,6/19/2006,16,F,358,10,SPA,77
20229887302,Ailis,McKay,Innett,1/26/2006,15,F,346,10,SPA,78
20229296643,Tova,Carville,Kabisch,9/6/2006,16,F,379,10,SPA,79
20223377429,Bernetta,Turnor,Starcks,7/3/2006,16,F,389,10,SPA,80
20225647436,Diarmid,Johnstone,Lampens,10/12/2006,15,M,14,10,SPA,81
20227621833,Lionello,Cathery,McDonnell,4/26/2006,16,M,387,10,SPA,82
20226134430,Mallory,Andriesse,Gothard,7/14/2006,16,F,328,10,SPA,83
20227183614,Nelli,Saiger,Aimson,6/30/2006,15,F,282,10,SPA,84
20221530647,Bastien,McReath,Evetts,5/15/2006,16,M,49,10,SPA,85
20226734657,Thadeus,MacGiffin,Salliss,6/4/2006,16,M,195,10,SPA,86
20223532813,Winonah,Lumpkin,Castella,4/25/2006,16,F,166,10,SPA,87
20228184269,Karoly,Hogsden,Baraclough,2/22/2006,15,F,68,10,SPA,88
20222243345,Forrest,Cuttelar,Signoret,9/3/2006,16,M,45,10,SPA,89
20224236448,Shannon,Stoeckle,Hanford,6/30/2006,16,F,182,10,SPA,90
20227652451,Prudence,Lemary,Dodworth,6/4/2006,15,F,239,10,SPA,91
20225175778,Reinold,Cowderay,Mawby,7/28/2006,16,M,272,10,SPA,92
20224501710,Mortimer,Fairclough,Meron,11/25/2006,16,M,152,10,SPA,93
20224304851,Joe,Vowdon,Meiklam,6/18/2006,15,M,212,10,SPA,94
20223454953,Alberik,Klimsch,Lechmere,1/2/2006,16,M,82,10,SPA,95
20227318099,Berkie,Crother,MacSwayde,11/24/2006,15,M,89,10,SPA,96
20221619117,Breanne,Alen,Elders,9/3/2006,16,F,362,10,SPA,97
20220197228,Nahum,Skahill,McGinly,7/11/2006,15,M,215,10,SPA,98
20222321708,Ingaborg,Brydson,Goodsir,2/12/2006,15,F,204,10,SPA,99
20229716433,Ulises,Pococke,Mowsley,10/14/2006,16,M,87,10,SPA,100
20227727254,Cheryl,Louiset,Dahlback,9/6/2006,16,F,204,10,SPA,101
20229991608,Clifford,Du Fray,Janicek,9/4/2006,16,M,27,10,SPA,102
20222423081,Jerrie,Alfwy,Kohlert,12/5/2006,16,F,29,10,SPA,103
20229490575,Gerladina,Gerhold,Le Prevost,10/19/2006,15,F,339,10,SPA,104
20221919264,Aurlie,Boner,Laudham,6/8/2006,16,F,360,10,SPA,105
20226855254,Early,Echelle,Simonazzi,2/25/2006,16,M,308,10,SPA,106
20229027126,Krystyna,Mozzetti,Barrowclough,6/10/2006,16,F,162,10,SPA,107
20227562323,Lowell,Jorn,Gottschalk,12/31/2006,16,M,118,10,SPA,108
20227741160,Arline,Sabattier,Munkley,1/22/2006,16,F,236,10,SPA,109
20226111719,Shermy,Childs,Clayton,3/27/2006,15,M,272,10,SPA,110
20223293281,Estele,Durkin,Scarse,2/15/2006,15,F,113,10,SPA,111
20224188584,Shelba,Insall,Baitey,4/6/2006,15,F,150,10,SPA,112
20225326810,Staford,Antoons,Reddecliffe,3/4/2006,16,M,14,10,SPA,113
20225534976,Shannan,Children,McCutcheon,2/13/2006,16,M,257,10,SPA,114
20226342115,Saloma,Harriot,Drowsfield,5/11/2006,15,F,299,10,SPA,115
20220521294,Woody,Denny,Tremellier,11/15/2006,15,M,30,10,SPA,116
20221518584,Sidonnie,Hollingdale,Whitney,2/24/2006,15,F,191,10,SPA,117
20223914429,Jolynn,Compton,Kilshall,3/3/2006,16,F,197,10,SPA,118
20229401077,Joete,Fenemore,Rew,12/6/2006,16,F,36,10,SPA,119
20226545964,Ode,Riseborough,Hurring,3/5/2006,16,M,154,10,SPA,120
20220911500,Elna,Kestle,Chadwin,1/25/2006,16,F,69,10,SPA,121
20229066076,Tommi,Mountfort,Myerscough,11/10/2006,16,F,268,10,SPA,122
20225610509,Debi,Giacobazzi,Domegan,9/22/2006,16,F,370,10,SPA,123
20225006887,Carin,Olyff,MacAindreis,9/16/2006,16,F,22,10,SPA,124
20222823341,Tilly,Bateman,Impey,12/16/2006,16,F,9,10,SPA,125
20220636654,Cort,Radleigh,Reeman,4/27/2006,16,M,215,10,SPS,126
20227613157,Conan,Ebbetts,Craster,12/8/2006,16,M,171,10,SPS,127
20220410411,Leslie,Meadmore,Hargess,4/19/2006,16,F,68,10,SPS,128
20227508946,Jake,Jozefczak,Dwelley,10/24/2006,16,M,290,10,SPS,129
20225108298,Cordy,Kynett,Mixhel,5/6/2006,15,F,276,10,SPS,130
20222267809,Luise,Segoe,enzley,7/18/2006,16,F,361,10,SPS,131
20228774022,Dosi,Seeger,Farrall,7/13/2006,16,F,294,10,SPS,132
20229756102,Haroun,Clerke,Beckers,3/16/2006,15,M,238,10,SPS,133
20228395626,Margette,Boulde,Winkett,11/5/2006,15,F,156,10,SPS,134
20223195599,Skell,Muzzillo,Van der Linde,4/15/2006,15,M,8,10,SPS,135
20220008182,Amber,Jarred,Sempill,5/9/2006,16,F,275,10,SPS,136
20222546278,Davis,Lyddyard,Neave,11/17/2006,15,M,389,10,SPS,137
20226229635,Ulises,Extil,Mechic,9/25/2006,16,M,310,10,SPS,138
20224717390,Ciro,Fretson,Waiton,9/9/2006,15,M,277,10,SPS,139
20220149338,Nada,Wycherley,Gorvin,2/2/2006,16,F,239,10,SPS,140
20222739319,Fremont,Entres,Willoughey,4/20/2006,16,M,392,10,SPS,141
20228119119,Nicky,Domini,Carrett,6/21/2006,15,F,327,10,SPS,142
20228296342,Cointon,Nadin,McCrie,2/28/2006,16,M,371,10,SPS,143
20229395944,Haroun,Sundin,Kellen,5/3/2006,15,M,320,10,SPS,144
20220393734,Winfred,Gallanders,Cheeseman,9/28/2006,15,M,236,10,SPS,145
20225926103,Sib,Floyde,Bryns,5/6/2006,16,F,114,10,SPS,146
20228905515,Yetta,Germain,Bugden,12/26/2006,16,F,137,10,SPS,147
20223059263,Willow,Tran,Bonallick,9/17/2006,15,F,146,10,SPS,148
20225258288,Clement,Garrattley,Tuke,12/31/2006,15,M,249,10,SPS,149
20229655135,Merle,Bourget,Fautly,11/24/2006,15,M,294,10,SPS,150
20224210055,Timothy,Muller,Knighton,12/16/2006,15,M,39,10,SPS,151
20221549510,Jocelin,Clawson,Duckinfield,8/18/2006,16,F,9,10,SPS,152
20224328339,Ashton,Anney,Malek,11/19/2006,16,M,325,10,SPS,153
20225763399,Cordie,Calan,Pinkstone,8/28/2006,15,F,241,10,SPS,154
20228006396,Rafa,Milliere,Durman,2/14/2006,15,F,353,10,SPS,155
20228557172,Timmy,Allwell,Ellams,7/9/2006,16,F,82,10,SPS,156
20226484192,Selby,Varran,Rewcassell,8/4/2006,15,M,213,10,SPS,157
20222648511,Kristoffer,Poyner,Heninghem,4/1/2006,16,M,78,10,SPS,158
20224383614,Payton,Ielden,Dulwitch,6/22/2006,16,M,2,10,SPS,159
20228783632,Francklin,Glozman,Diaper,1/16/2006,15,M,268,10,SPS,160
20226386637,Sheffield,Gauford,Camolli,1/31/2006,16,M,262,10,SPS,161
20227021423,Harp,Chadbourne,Faughnan,3/3/2006,16,M,322,10,SPS,162
20223888198,Holmes,Maseres,Orry,1/22/2006,16,M,326,10,SPS,163
20220359755,Billy,Jarratt,Joderli,1/21/2006,16,F,66,10,SPS,164
20220417348,Nisse,Edscer,Sarle,8/22/2006,16,F,96,10,SPS,165
20221510022,Tana,McLaughlin,Scinelli,10/11/2006,15,F,133,10,SPS,166
20224069698,Pippa,Jonin,Sawfoot,3/4/2006,15,F,122,10,SPS,167
20223123023,Naoma,Hallowell,Clinkard,6/4/2006,15,F,343,10,SPS,168
20220155171,Tisha,Serjeantson,Gallon,2/12/2006,16,F,30,10,SPS,169
20228360828,Gardener,Lattos,Vine,12/26/2006,15,M,286,10,SPS,170
20229160551,Vera,Giraudel,Loding,8/3/2006,15,F,308,10,SPS,171
20227333674,Bobby,Bramer,Jozaitis,1/13/2006,16,F,374,10,SPS,172
20220044441,Vally,McKall,Quayle,12/17/2006,15,F,312,10,SPS,173
20227106829,Lanie,Randleson,Belliss,8/6/2006,15,M,52,10,SPS,174
20226391898,Alexandra,Richardes,Cake,12/5/2006,16,F,354,10,SPS,175
20228620871,Hilary,Duguid,Alpe,4/27/2006,15,F,387,10,SPS,176
20226221764,Niccolo,Escofier,Tumielli,2/2/2006,16,M,356,10,SPS,177
20225089249,Loree,Fasse,Belford,10/31/2006,16,F,382,10,SPS,178
20224633620,Jodi,Nilges,Traske,9/12/2006,16,M,354,10,SPS,179
20227660956,Stinky,Rolph,Lindermann,3/15/2006,16,M,45,10,SPS,180
20228495328,Babara,Foulis,Hebbs,12/12/2006,15,F,171,10,SPS,181
20224903414,Diego,Boydle,Tomkiss,12/17/2006,16,M,15,10,SPS,182
20225897406,Antony,Margaritelli,Brookesbie,10/29/2006,16,M,102,10,SPS,183
20226632346,Gus,Orrum,Shyre,1/30/2006,15,F,298,10,SPS,184
20223783893,Kain,Bisacre,Mighele,10/6/2006,16,M,224,10,SPS,185
20225489265,Rikki,Revel,Breslau,4/19/2006,16,M,288,10,SPS,186
20223701204,Concordia,Scally,Lightollers,7/12/2006,16,F,118,10,SPS,187
20224143301,Elvina,Carman,Mewton,7/17/2006,15,F,133,10,STEM,188
20227048472,Adrien,Veld,Bucher,3/11/2006,16,M,319,10,STEM,189
20226054522,Rockie,Salan,Skerman,1/15/2006,16,M,326,10,STEM,190
20228247905,Darleen,McGeown,Corsham,5/14/2006,15,F,265,10,STEM,191
20229721531,Dorena,Beard,Dreinan,9/20/2006,16,F,129,10,STEM,192
20222193148,Rodge,Greenhaugh,Chadwick,11/4/2006,16,M,164,10,STEM,193
20223394808,Gunar,Sneesbie,Farlane,12/21/2006,15,M,357,10,STEM,194
20220152742,Celinka,Matzeitis,Bolver,7/7/2006,15,F,291,10,STEM,195
20226732069,Kingston,Pleass,Rolling,10/19/2006,16,M,142,10,STEM,196
20220068773,Brooke,Semper,Nell,12/27/2006,15,M,33,10,STEM,197
20227048544,Laurena,Skae,Damiata,12/29/2006,15,F,240,10,STEM,198
20225781593,Brandi,Milvarnie,Ferreiro,12/11/2006,15,F,235,10,STEM,199
20222806869,Marlowe,Salthouse,MacSween,8/18/2006,15,M,137,10,STEM,200
20220424561,Amory,Dounbare,Gandey,7/2/2006,16,M,309,10,STEM,201
20221244349,Andrea,Burford,Willder,4/19/2006,16,F,309,10,STEM,202
20222754824,Kit,Kynder,Pringle,10/5/2006,15,M,180,10,STEM,203
20220387264,Nicolas,Tilford,McCard,8/11/2006,16,M,37,10,STEM,204
20227501856,Melvyn,Philbrick,Gayler,6/10/2006,15,M,193,10,STEM,205
20220183810,Karita,Weiser,Waber,6/29/2006,16,F,162,10,STEM,206
20228220140,Ellsworth,Exposito,Coldbath,7/6/2006,15,M,324,10,STEM,207
20228355460,Janis,Peirpoint,Jolliff,12/22/2006,15,F,202,10,STEM,208
20221490595,Oswell,Porkiss,Strewther,12/3/2006,15,M,288,10,STEM,209
20226311899,Shelden,Arnely,Treby,3/22/2006,15,M,177,10,STEM,210
20222325136,Phaedra,Niece,Ledgeway,8/11/2006,15,F,107,10,STEM,211
20222909077,Gordy,Corris,Hampton,8/20/2006,16,M,239,10,STEM,212
20227813711,Corbett,Challinor,Ledgister,6/23/2006,16,M,293,10,STEM,213
20229085183,Flossy,Grassett,Bunclark,11/11/2006,16,F,35,10,STEM,214
20225018729,Tomaso,Lacey,Allender,8/29/2006,15,M,112,10,STEM,215
20227954110,Oneida,Gillivrie,Burchfield,8/11/2006,16,F,174,10,STEM,216
20223166957,Christiano,Lissandri,Meads,6/18/2006,16,M,245,10,STEM,217
20226501861,Konrad,McEttigen,Bonnette,7/5/2006,15,M,204,10,STEM,218
20226095467,Gaylord,Andrieux,Harwood,2/3/2006,15,M,32,10,STEM,219
20220837731,Carey,Yglesias,MacKissack,10/24/2006,15,M,400,10,STEM,220
20222432462,Elna,Megarry,Quoit,6/24/2006,15,F,255,10,STEM,221
20228493151,Anatol,Daunter,Gladwish,1/30/2006,16,M,180,10,STEM,222
20223434340,April,Spincks,Seacombe,8/9/2006,16,F,283,10,STEM,223
20223743182,Adelaide,MacGillespie,Charer,2/17/2006,15,F,90,10,STEM,224
20223914261,Fitz,Guinness,Landon,5/30/2006,16,M,210,10,STEM,225
20220389371,Clare,Drains,Cescotti,9/16/2006,15,M,34,10,STEM,226
20220170408,Joanna,Couvet,Geere,10/24/2006,15,F,104,10,STEM,227
20225580159,Zeke,Blowick,Baughen,3/21/2006,16,M,337,10,STEM,228
20224729689,Siegfried,Rankling,Pehrsson,12/6/2006,16,M,134,10,STEM,229
20227374978,Estele,Dymott,Pulver,6/10/2006,16,F,164,10,STEM,230
20229968603,Dimitry,Henrot,Berggren,3/15/2006,16,M,283,10,STEM,231
20221256390,Tomasina,Riddler,MacBarron,5/1/2006,15,F,3,10,STEM,232
20226550386,Barclay,McGall,Dickens,3/29/2006,15,M,134,10,STEM,233
20221181613,Korie,Ablott,Tromans,10/13/2006,16,F,70,10,STEM,234
20223180166,Giles,Hedin,Ferri,3/3/2006,16,M,145,10,STEM,235
20226830502,Francisca,Lambden,MacLaverty,3/22/2006,16,F,163,10,STEM,236
20224472335,Ileana,Hargreaves,Rafter,4/20/2006,16,F,69,10,STEM,237
20229671151,Calhoun,Bedells,Chartre,8/27/2006,15,M,200,10,STEM,238
20226468019,Lindsay,Parsand,Epine,11/24/2006,16,F,179,10,STEM,239
20229858512,Harley,Jimenez,McFadin,9/11/2006,15,F,254,10,STEM,240
20229410685,Branden,Demange,Sisey,11/9/2006,16,M,46,10,STEM,241
20226565426,Morrie,McVie,Thoresby,2/4/2006,15,M,325,10,STEM,242
20228747997,Aurie,Coen,Bawdon,7/11/2006,16,F,4,10,STEM,243
20228478031,Marsh,Gregorowicz,Madeley,5/12/2006,15,M,244,10,STEM,244
20220459734,Pavel,Dober,Lantiff,4/10/2006,15,M,138,10,STEM,245
20221558746,Martica,Ivanin,Fallon,12/28/2006,15,F,125,10,STEM,246
20224526692,Sophronia,Klimschak,Swan,1/12/2006,15,F,217,10,STEM,247
20222899632,Hercule,Woolsey,Birtwistle,6/10/2006,16,M,166,10,STEM,248
20228341265,Wakefield,Beech,Juschka,2/2/2006,16,M,219,10,STEM,249
20222289458,Bertie,Suttie,Broadley,7/22/2006,16,M,389,10,STEM,250
20197020005,Borden,Chasles,Gallamore,7/7/2009,13,M,303,7,BEC,251
20196577281,Natividad,Aldhous,Coghlan,2/3/2009,13,F,114,7,BEC,252
20194362098,Claudie,Brame,Sergeaunt,7/31/2009,13,F,287,7,BEC,253
20193810639,Dara,Hadingham,Ramsted,4/22/2009,12,F,243,7,BEC,254
20198336843,Ailey,Rennles,Ramalho,9/10/2009,12,F,112,7,BEC,255
20193003067,Bill,Durman,Bikker,12/7/2009,12,F,200,7,BEC,256
20197259928,Joeann,Gelly,Argontt,1/16/2009,12,F,307,7,BEC,257
20193183252,Base,Hathway,Downey,9/14/2009,13,M,299,7,BEC,258
20195472579,Gray,Gillfillan,Comazzo,9/12/2009,13,M,12,7,BEC,259
20191576693,Eddy,Galliver,Bafford,5/9/2009,12,F,162,7,BEC,260
20193792128,Milly,Cockerton,Bennellick,8/17/2009,13,F,152,7,BEC,261
20192092177,Indira,Sommerton,Ferencowicz,6/30/2009,13,F,95,7,BEC,262
20190704928,Felizio,Burns,Panas,11/24/2009,12,M,144,7,BEC,263
20193739395,Angelo,Boteman,MacPaden,12/22/2009,13,M,288,7,BEC,264
20195354358,Sela,Wyldbore,Emblen,5/12/2009,12,F,97,7,BEC,265
20194453841,Jacki,Gilliver,Dawby,6/24/2009,13,F,377,7,BEC,266
20190492385,Bogart,Brandenburg,Aizikovitz,3/12/2009,12,M,62,7,BEC,267
20197279149,Cordy,Itzchaky,Sambiedge,1/4/2009,13,M,371,7,BEC,268
20196507037,Andreas,Moore,Grieves,2/26/2009,13,M,262,7,BEC,269
20192566809,Mychal,Perryman,Siddaley,7/31/2009,12,M,76,7,BEC,270
20190351492,Lidia,Connikie,Aicheson,6/2/2009,13,F,34,7,BEC,271
20192180179,Kitti,Rapaport,Juleff,2/7/2009,13,F,238,7,BEC,272
20195627609,Peyton,Geldeard,Fines,6/20/2009,13,M,387,7,BEC,273
20192346379,Jarrid,Diddams,Norvel,6/5/2009,13,M,214,7,BEC,274
20196834333,Elliot,McAnellye,Lalor,11/15/2009,13,M,88,7,BEC,275
20197817344,Roseanna,Ipsley,Smedmoor,9/5/2009,13,F,349,7,BEC,276
20191352432,Bartholemy,Clayden,Paynton,8/3/2009,12,M,223,7,BEC,277
20192130328,Bealle,GiacobbiniJacob,Ludy,10/12/2009,13,M,150,7,BEC,278
20191925500,Wye,Neubigging,Jumeau,7/17/2009,13,M,301,7,BEC,279
20192268004,Tawnya,Scowcroft,Mate,1/31/2009,12,F,108,7,BEC,280
20191246372,Alva,MacCartan,Copp,9/7/2009,13,M,170,7,BEC,281
20199871640,Galven,Gianolini,Le Brun,6/25/2009,12,M,236,7,BEC,282
20194946327,Base,Blincowe,Phillins,10/16/2009,12,M,158,7,BEC,283
20194835543,Lowell,Weal,Howton,3/28/2009,12,M,111,7,BEC,284
20194648925,Cobb,Stagg,Rubinsohn,12/28/2009,12,M,253,7,BEC,285
20199314105,Jayson,Blacksland,Harvett,5/25/2009,12,M,291,7,BEC,286
20199706683,Byram,Muddicliffe,Sciacovelli,10/30/2009,13,M,197,7,BEC,287
20199685560,Gar,Mallam,Tomes,2/3/2009,13,M,136,7,BEC,288
20196601280,Benni,Hurlston,Vauls,7/30/2009,12,F,213,7,BEC,289
20196969540,Rudiger,Yard,Davie,11/16/2009,13,M,161,7,BEC,290
20193538773,Ferguson,Whittaker,Marmion,12/13/2009,12,M,190,7,BEC,291
20195798870,Hillyer,Suatt,Partleton,4/25/2009,12,M,48,7,BEC,292
20191533638,Birch,Boath,Lawlee,11/12/2009,12,M,119,7,BEC,293
20193011393,Maggie,Proudler,Skamell,1/24/2009,12,F,383,7,BEC,294
20195492119,Carling,Werrett,Posthill,7/11/2009,13,M,33,7,BEC,295
20191018397,Samuele,Bleasby,Upfold,8/10/2009,13,M,289,7,BEC,296
20193334693,Tirrell,Yelland,Snap,8/10/2009,13,M,265,7,BEC,297
20195450325,Filmore,Kitcherside,Bates,9/3/2009,12,M,66,7,BEC,298
20194970026,Wallas,Sprowson,Kensington,2/17/2009,12,M,339,7,BEC,299
20192780617,Maritsa,Guilayn,Merman,11/14/2009,13,F,391,7,BEC,300
20194863230,Shirl,Littlefield,Denman,6/6/2009,12,F,171,7,BEC,301
20191573802,Elspeth,Castelow,Pearle,12/24/2009,13,F,164,7,BEC,302
20192811607,Heinrick,Jillis,Veldens,1/18/2009,13,M,19,7,BEC,303
20198140317,Cloris,Briston,Standrin,6/4/2009,13,F,306,7,BEC,304
20195011317,Alexa,Danbury,Zouch,5/15/2009,12,F,217,7,BEC,305
20191970632,Michelina,Pedrozzi,Cleeves,5/6/2009,13,F,61,7,BEC,306
20192301826,Tam,Dreschler,Scrimshire,9/5/2009,13,M,271,7,BEC,307
20192159472,Humfrey,Daens,Karoly,9/23/2009,12,M,250,7,BEC,308
20191728354,Berny,Van der Merwe,Daens,3/23/2009,12,M,311,7,BEC,309
20193549426,Curtice,Guerre,Dankersley,6/15/2009,12,M,361,7,BEC,310
20199155072,Cindra,Tine,Kelloway,2/15/2009,13,F,299,7,BEC,311
20193965381,Olenolin,Hoff,Wallicker,5/14/2009,12,M,53,7,BEC,312
20194430539,Hercule,Goatcher,Boggish,2/28/2009,13,M,355,7,BEC,313
20190564085,Genevieve,Crottagh,Choak,5/20/2009,13,F,291,7,SPA,314
20196855128,Alie,Edel,Woodrup,2/23/2009,12,F,300,7,SPA,315
20197519514,Alex,Behrendsen,Toon,7/3/2009,12,M,57,7,SPA,316
20198023437,Ivonne,Langfitt,Tonkes,11/21/2009,13,F,48,7,SPA,317
20191004994,Ethelin,Cardoe,Hitschke,6/24/2009,12,F,252,7,SPA,318
20193428942,Toby,Toothill,Seville,1/10/2009,13,M,22,7,SPA,319
20194993322,Marney,Bednell,Cuff,7/29/2009,13,F,11,7,SPA,320
20199402664,Pierson,O'Hoolahan,Westmerland,7/13/2009,12,M,59,7,SPA,321
20198750023,Lolita,Lambertson,Newnham,11/24/2009,12,F,123,7,SPA,322
20191254046,Berni,Doul,Barrim,11/8/2009,12,F,253,7,SPA,323
20196629565,Gris,Dugan,Headrick,7/5/2009,13,M,300,7,SPA,324
20192441183,Dun,Pargeter,Collerd,9/25/2009,12,M,261,7,SPA,325
20194346562,Freddi,Woolaston,Dakhov,10/14/2009,13,F,41,7,SPA,326
20197533368,Karisa,Sutlieff,Frodsham,11/26/2009,13,F,365,7,SPA,327
20190564257,Jamal,Dracksford,Skerrett,8/21/2009,12,M,255,7,SPA,328
20196733615,Elinore,Braim,Zmitrichenko,10/15/2009,12,F,75,7,SPA,329
20191123239,Jeffry,Beller,Rodway,2/10/2009,13,M,237,7,SPA,330
20191983556,Kane,Gracewood,Calway,8/7/2009,12,M,241,7,SPA,331
20199718471,Sallyann,Cyseley,Keener,11/11/2009,12,F,153,7,SPA,332
20193087944,Rourke,Lorentz,Lademann,9/10/2009,12,M,369,7,SPA,333
20195601789,Gerladina,Churchyard,Badini,6/20/2009,12,F,327,7,SPA,334
20193017203,Dalston,Leadstone,Clace,11/16/2009,12,M,67,7,SPA,335
20195138479,Dominick,Guerre,Rylatt,4/5/2009,13,M,174,7,SPA,336
20195085325,Stafani,Hatter,Shardlow,1/17/2009,12,F,115,7,SPA,337
20196698379,Shelby,Andres,Vasile,11/12/2009,12,F,343,7,SPA,338
20193750300,Chelsea,Hardingham,Saturley,5/16/2009,13,F,64,7,SPA,339
20196633939,Sandie,Rabbitt,Korejs,12/4/2009,13,F,1,7,SPA,340
20198585045,Mirabella,Golder,Ambrogioli,7/14/2009,13,F,384,7,SPA,341
20193186171,Kelsey,Leak,McKinnell,1/18/2009,13,M,144,7,SPA,342
20194525815,Krystle,Grayshan,Gotcliff,2/18/2009,13,F,283,7,SPA,343
20192277652,Ossie,Awin,Bus,4/28/2009,13,M,194,7,SPA,344
20190299976,Vi,Georghiou,Lester,7/11/2009,13,F,78,7,SPA,345
20196242262,Shelia,Gercken,Miquelet,4/27/2009,12,F,240,7,SPA,346
20193181028,Sansone,Lowings,Frantsev,7/27/2009,13,M,371,7,SPA,347
20193667149,Emmerich,Seakes,Gatland,5/22/2009,13,M,111,7,SPA,348
20194435947,Adlai,Crombie,Willoughey,7/9/2009,12,M,112,7,SPA,349
20195194359,Courtney,Gamon,Foggarty,1/26/2009,12,M,28,7,SPA,350
20193937267,Ursola,Tofano,Swaby,5/30/2009,13,F,272,7,SPA,351
20197862098,Buck,Saffen,Babst,9/28/2009,12,M,24,7,SPA,352
20192662773,Leigh,Extill,Aberdalgy,2/23/2009,12,M,253,7,SPA,353
20190291345,Jennilee,Dreigher,Guilloud,10/12/2009,12,F,177,7,SPA,354
20199124880,Christal,Georgeou,Shooter,4/26/2009,13,F,357,7,SPA,355
20198749931,Anabella,Surcombe,Gittings,9/3/2009,13,F,100,7,SPA,356
20197308220,Jermaine,McKeeman,Ladon,10/4/2009,12,F,208,7,SPA,357
20192677461,Raddie,Holcroft,Arnecke,1/2/2009,12,M,204,7,SPA,358
20198081779,Charin,Millier,Sharples,10/14/2009,12,F,284,7,SPA,359
20195518408,Maison,Dwelling,Gallgher,6/25/2009,13,M,249,7,SPA,360
20192686650,Robinet,Simoneton,Chapiro,9/30/2009,13,M,341,7,SPA,361
20197209358,Donal,Rouby,Allsworth,7/1/2009,12,M,289,7,SPA,362
20194026481,Thorin,Caser,Jordi,7/8/2009,12,M,278,7,SPA,363
20191304478,Torre,Alenin,Adamini,5/17/2009,13,M,230,7,SPA,364
20191755672,Dianne,Gutridge,Fleetham,12/12/2009,13,F,371,7,SPA,365
20195744969,Lay,Clewett,Gianullo,3/23/2009,13,M,314,7,SPA,366
20197269432,Richy,Ellsbury,Birks,11/9/2009,12,M,319,7,SPA,367
20190333819,Garrard,Mill,Swannie,8/5/2009,12,M,24,7,SPA,368
20194064952,Jennica,Readett,Erwin,3/24/2009,12,F,115,7,SPA,369
20193447769,Whitby,Longshaw,Pennoni,11/5/2009,12,M,72,7,SPA,370
20191864614,Moselle,Sedge,Grossman,12/1/2009,13,F,209,7,SPA,371
20191353898,Florina,Hepher,Arrighini,4/14/2009,13,F,292,7,SPA,372
20191437603,Dotty,Abramovicz,Basso,3/18/2009,13,F,22,7,SPA,373
20196195574,Bridgette,Pepper,Lochead,11/19/2009,13,F,48,7,SPA,374
20190776003,Ginger,Volette,Turton,3/16/2009,13,F,140,7,SPA,375
20190367946,Nester,Guerrero,Snalham,10/25/2009,13,M,327,7,SPA,376
20195621599,Irene,Brundill,Heathfield,2/6/2009,13,F,361,7,SPS,377
20197693706,Ceil,Reichelt,McNess,3/16/2009,13,F,321,7,SPS,378
20199447990,Tait,Teape,Scarce,2/17/2009,12,M,336,7,SPS,379
20192245734,Gillan,Wippermann,Excell,8/29/2009,13,F,157,7,SPS,380
20196866537,Dyna,Mawson,Cotsford,10/11/2009,13,F,380,7,SPS,381
20192504015,Crichton,Faers,Etchingham,10/11/2009,12,M,244,7,SPS,382
20193585571,Harriot,Lead,Sollner,5/24/2009,12,F,299,7,SPS,383
20190438704,Shelton,Lorence,Leakner,11/4/2009,13,M,83,7,SPS,384
20190770083,Humberto,Petry,Hanburry,5/6/2009,13,M,265,7,SPS,385
20194890621,Binnie,Doucette,Abad,10/1/2009,12,F,40,7,SPS,386
20193946864,Cherye,Neary,Sacchetti,8/6/2009,12,F,114,7,SPS,387
20193969785,Webb,Rosevear,Preto,11/14/2009,13,M,56,7,SPS,388
20191979794,Agathe,Brussels,Americi,8/8/2009,12,F,358,7,SPS,389
20197301907,Leonhard,Bransdon,Cornelissen,10/9/2009,12,M,119,7,SPS,390
20199699756,Nicola,Mandrier,Filchagin,6/27/2009,12,M,236,7,SPS,391
20191352860,Terrell,Daines,St Angel,12/18/2009,12,M,308,7,SPS,392
20193662242,Idelle,Reagan,Zeal,6/10/2009,13,F,127,7,SPS,393
20197291492,Mame,Le Lievre,Wulfinger,8/22/2009,13,F,77,7,SPS,394
20199359122,Ty,Veldman,Jeness,9/13/2009,12,M,343,7,SPS,395
20198223772,Jessie,Yeomans,Sandey,10/14/2009,13,M,339,7,SPS,396
20194634184,Edsel,Ingham,Hassewell,12/17/2009,12,M,81,7,SPS,397
20190116675,Clarinda,Shoutt,Pietron,5/20/2009,13,F,86,7,SPS,398
20195941024,Yuma,Cowherd,Carvell,12/18/2009,13,M,197,7,SPS,399
20191551766,Aleen,Ferrarone,Goodburn,3/28/2009,12,F,149,7,SPS,400
20193384292,Gerry,Shipperbottom,Goodisson,12/17/2009,12,M,149,7,SPS,401
20194999080,Shanna,Headley,Brunroth,9/2/2009,13,F,202,7,SPS,402
20198382555,Krista,Swaite,Papaminas,10/22/2009,13,F,342,7,SPS,403
20195587213,Judas,Howell,Rikkard,2/19/2009,12,M,358,7,SPS,404
20197890876,Nola,Kindall,Foucard,10/24/2009,12,F,268,7,SPS,405
20199699267,Dalston,Huckin,Mogey,5/28/2009,12,M,361,7,SPS,406
20190530245,Abra,Pasmore,Lavigne,11/9/2009,13,F,272,7,SPS,407
20194351444,Misti,Myers,Brehault,8/29/2009,13,F,192,7,SPS,408
20194428282,Harry,Bratton,Kopecka,4/8/2009,12,M,227,7,SPS,409
20197964717,Auberon,Maher,Maddern,10/9/2009,13,M,386,7,SPS,410
20199542774,Shir,Alesio,Becarra,7/8/2009,12,F,56,7,SPS,411
20196068480,Nicol,Fintoph,Lawrance,3/24/2009,12,M,209,7,SPS,412
20192992217,Terrijo,Fricker,Berthot,7/31/2009,12,F,161,7,SPS,413
20197795794,Symon,Greg,Boulsher,12/9/2009,13,M,348,7,SPS,414
20192408420,Emelyne,Craft,Jerrom,11/3/2009,13,F,294,7,SPS,415
20193868704,Clim,Graber,Vaisey,12/12/2009,12,M,94,7,SPS,416
20199394547,Rickie,Fairey,Allenson,10/11/2009,12,M,334,7,SPS,417
20197406282,Shanda,Schimpke,Grunson,12/23/2009,12,F,144,7,SPS,418
20193671314,Hersh,Routham,Eagan,12/7/2009,13,M,82,7,SPS,419
20194754941,Ellie,Gilson,Creffeild,1/25/2009,12,F,377,7,SPS,420
20192122905,Jelene,Davenall,Berrey,10/21/2009,12,F,163,7,SPS,421
20193673794,Byrom,Matthius,Mingauld,5/29/2009,12,M,196,7,SPS,422
20197332336,Roana,Baldassi,Cunnell,9/12/2009,13,F,212,7,SPS,423
20195559512,Myer,Daysh,Earney,2/13/2009,13,M,241,7,SPS,424
20196375685,Trevor,Fones,Bramhill,2/15/2009,12,M,135,7,SPS,425
20195580454,Bradford,Spoerl,Fencott,3/12/2009,13,M,227,7,SPS,426
20196195514,Cyrill,Roubeix,Lawtie,7/16/2009,12,M,116,7,SPS,427
20197847202,Damiano,Gelsthorpe,Gimber,6/16/2009,13,M,83,7,SPS,428
20195195238,Casey,Mufford,Betham,6/16/2009,13,F,341,7,SPS,429
20192575401,Karilynn,McGeever,Morriarty,7/20/2009,13,F,286,7,SPS,430
20190120460,Bogart,Schruur,Van Cassel,2/27/2009,13,M,380,7,SPS,431
20197138764,Catriona,Woodrup,Dodimead,10/30/2009,12,F,233,7,SPS,432
20194144241,Kaitlin,Donson,Attrie,12/8/2009,12,F,72,7,SPS,433
20197683519,Burtie,Pawlowicz,Gudgion,12/14/2009,12,M,274,7,SPS,434
20194480905,Alayne,How to preserve,Uden,6/24/2009,12,F,289,7,SPS,435
20193415265,Vernen,Stoddart,Masic,6/9/2009,13,M,255,7,SPS,436
20190279528,Anica,Murrish,Speariett,8/24/2009,12,F,361,7,SPS,437
20197240523,Darlleen,Klement,Bazire,5/24/2009,13,F,9,7,SPS,438
20191565743,Marcille,Pencot,Teaser,8/2/2009,13,F,400,7,STEM,439
20197348300,Quincy,Lackham,Hutchcraft,1/20/2009,12,M,322,7,STEM,440
20190671018,Cassandre,Chatteris,Dashkovich,10/2/2009,13,F,282,7,STEM,441
20191877332,Frederic,Becken,Aldred,1/15/2009,12,M,374,7,STEM,442
20196975664,Onfre,Glasard,Lamming,11/20/2009,12,M,88,7,STEM,443
20197952093,Zenia,Jirsa,Kernaghan,10/29/2009,13,F,274,7,STEM,444
20198916103,Lorinda,Cove,Murrigans,12/16/2009,13,F,88,7,STEM,445
20197450352,Isabella,Mussington,Dorow,2/8/2009,12,F,365,7,STEM,446
20193702601,Doris,Loisi,Oliphand,5/9/2009,12,F,58,7,STEM,447
20199356080,Dorthy,Riseborough,Deegin,11/26/2009,13,F,389,7,STEM,448
20197052172,Maxine,Yarranton,Gilliver,9/17/2009,12,F,65,7,STEM,449
20198074075,Beckie,Ungerecht,Maier,3/5/2009,13,F,162,7,STEM,450
20198896799,Micah,Stutard,Prout,7/2/2009,13,M,303,7,STEM,451
20190245055,Sari,Larkin,Whitmore,4/12/2009,13,F,140,7,STEM,452
20196021129,Vinson,Jako,Gay,5/24/2009,12,M,25,7,STEM,453
20197485296,Salvatore,Suttill,St. Clair,8/14/2009,12,M,37,7,STEM,454
20190553555,Katrina,Mathey,Chazotte,6/7/2009,12,F,125,7,STEM,455
20190480090,Gillie,Llorente,Woodley,3/14/2009,13,F,29,7,STEM,456
20194276094,Vicky,Wintersgill,Radoux,3/18/2009,13,F,123,7,STEM,457
20199376135,Falkner,Harrowell,Griffitts,11/9/2009,12,M,202,7,STEM,458
20199611863,Euell,Tamburo,Mertgen,10/20/2009,13,M,221,7,STEM,459
20196965431,Jehanna,Karpeev,Cleife,10/23/2009,13,F,280,7,STEM,460
20194643430,Nicky,Domico,Trendle,3/22/2009,13,F,289,7,STEM,461
20193582014,Doris,Reddle,Langmead,12/3/2009,12,F,266,7,STEM,462
20191762274,Leora,Sitch,Rosas,7/5/2009,12,F,345,7,STEM,463
20198818287,Nels,Hebblewhite,Tregona,6/5/2009,12,M,341,7,STEM,464
20195690889,Eada,Quaife,Maryott,9/29/2009,13,F,317,7,STEM,465
20190194042,Daniele,Slowly,Whiskerd,10/1/2009,12,F,382,7,STEM,466
20196209898,Othello,Futty,Koppe,10/27/2009,13,M,251,7,STEM,467
20198592986,Geoff,Vasyukhin,MacSporran,12/12/2009,12,M,145,7,STEM,468
20191156027,Pedro,Gonnelly,Mathon,8/16/2009,12,M,175,7,STEM,469
20199960375,Alyosha,Stain,Simonassi,2/10/2009,12,M,79,7,STEM,470
20194118018,Kelly,De Pietri,Organ,10/30/2009,12,F,311,7,STEM,471
20190809653,Salvador,Perrett,Scotti,2/6/2009,12,M,337,7,STEM,472
20199048804,Donnie,Bernardez,Hassur,6/27/2009,13,F,57,7,STEM,473
20197374105,Clevey,Greenhill,McEntegart,12/3/2009,13,M,18,7,STEM,474
20190967455,Palm,Fidgin,Bothwell,11/6/2009,12,M,12,7,STEM,475
20197181842,Carmon,Newborn,Nester,12/2/2009,13,F,197,7,STEM,476
20190883595,Dennie,Domesday,Girdlestone,6/23/2009,12,F,133,7,STEM,477
20197433932,Lock,Corry,Richemond,10/4/2009,13,M,210,7,STEM,478
20195329084,Alyda,Organ,Fieldstone,11/19/2009,12,F,200,7,STEM,479
20195160127,Alison,Loudyan,Westmancoat,7/13/2009,12,F,126,7,STEM,480
20190318723,Osgood,McGreary,Luesley,4/23/2009,12,M,161,7,STEM,481
20196288145,Errol,Loughney,Britian,10/14/2009,13,M,103,7,STEM,482
20198039846,Gabi,Peeters,Shearman,4/30/2009,12,M,122,7,STEM,483
20196309288,Frans,Lakeman,Yakushkin,7/15/2009,12,M,153,7,STEM,484
20192086932,Arie,Etoile,Loosely,4/17/2009,12,M,311,7,STEM,485
20198524077,Cherice,Coplestone,D'Costa,10/24/2009,13,F,13,7,STEM,486
20199683592,Lyndy,Mansel,Drei,1/26/2009,13,F,82,7,STEM,487
20195646873,Cordelie,Sket,Couronne,2/16/2009,12,F,154,7,STEM,488
20198230701,Cam,Olin,Prevett,3/2/2009,13,F,139,7,STEM,489
20194643075,Lusa,Brammer,Godsil,6/26/2009,13,F,366,7,STEM,490
20190609880,Emmalee,Boggs,Warrilow,8/9/2009,13,F,20,7,STEM,491
20196950753,Viole,Handslip,Tredinnick,5/5/2009,13,F,168,7,STEM,492
20191142713,Davon,Shawyers,Lawton,12/18/2009,13,M,221,7,STEM,493
20194315805,Demetris,Calbreath,Bendixen,3/2/2009,13,M,247,7,STEM,494
20195842139,Vachel,Arnaudon,Kett,4/4/2009,12,M,376,7,STEM,495
20199152753,Horatio,Mulcaster,Squibbes,7/9/2009,12,M,343,7,STEM,496
20198195634,Anthony,Rolling,Stanmer,9/20/2009,13,M,323,7,STEM,497
20197835169,Vasily,Fayerbrother,Lautie,9/11/2009,13,M,257,7,STEM,498
20197638490,Annis,Gorsse,Lampen,8/7/2009,13,F,119,7,STEM,499
20199890767,Rodger,Waison,Braidman,7/17/2009,12,M,190,7,STEM,500
20202624700,Bert,Jansen,Venditto,8/14/2008,13,F,303,8,BEC,501
20203607362,Maxim,Gotcliffe,Liquorish,3/14/2008,13,M,265,8,BEC,502
20206507476,Toddie,Bogart,MacGovern,5/27/2008,14,M,329,8,BEC,503
20206469130,Ilsa,Glanton,Klementz,9/16/2008,14,F,271,8,BEC,504
20206052166,Rochella,Kite,Keyho,8/21/2008,14,F,341,8,BEC,505
20205012851,Madelin,Crippin,Howood,4/30/2008,14,F,132,8,BEC,506
20209783680,Wyatan,Bosomworth,Siss,10/2/2008,14,M,37,8,BEC,507
20204104521,Sigfrid,Dashwood,Iddison,12/23/2008,13,M,22,8,BEC,508
20205681847,Claudie,Stairs,Mulles,8/27/2008,14,F,243,8,BEC,509
20208556513,Maud,Snozzwell,Rottger,1/23/2008,13,F,357,8,BEC,510
20206670243,Angelita,Shearston,Kachel,7/2/2008,13,F,364,8,BEC,511
20206767955,Archie,Huelin,Longshaw,12/4/2008,14,M,333,8,BEC,512
20209347610,Josefina,Spafford,Sollars,12/2/2008,13,F,245,8,BEC,513
20205917969,Terese,McPhelim,Gerrelt,12/14/2008,14,F,44,8,BEC,514
20204752145,Engracia,Haburne,Bleackley,9/27/2008,13,F,115,8,BEC,515
20202616223,Marlow,Attle,Sparhawk,4/22/2008,13,M,184,8,BEC,516
20209721139,Xenia,Aharoni,Milesop,7/4/2008,13,F,170,8,BEC,517
20200322583,Lucia,Matuszyk,Cosslett,11/22/2008,13,F,317,8,BEC,518
20201383355,Kippy,Yoakley,Killingback,3/10/2008,13,F,16,8,BEC,519
20200047514,Aldridge,Maden,Lamke,6/18/2008,14,M,341,8,BEC,520
20207747019,Casper,Davenhill,Gyurko,1/25/2008,13,M,218,8,BEC,521
20206499907,Rickey,Porcas,Corn,11/29/2008,14,M,95,8,BEC,522
20204364128,Ronnica,Sandey,Grieveson,6/19/2008,13,F,11,8,BEC,523
20209897954,Richmound,McLagain,Woolmore,3/24/2008,13,M,394,8,BEC,524
20202465467,Shirlee,Cicchillo,Growy,9/8/2008,14,F,221,8,BEC,525
20205504858,Tadd,Byers,Ryott,11/7/2008,13,M,314,8,BEC,526
20201490927,Suellen,Gajewski,McGowan,12/29/2008,14,F,161,8,BEC,527
20209371272,Leonerd,Buyers,MacCostigan,8/13/2008,14,M,144,8,BEC,528
20206994818,Orbadiah,Clement,Praill,10/28/2008,14,M,311,8,BEC,529
20209098844,Berrie,Braker,Carlin,1/14/2008,13,F,23,8,BEC,530
20202372280,Yvor,MacCook,Ruckert,7/21/2008,14,M,133,8,BEC,531
20205380493,Annis,Attarge,Gendricke,4/8/2008,14,F,137,8,BEC,532
20207438214,Sutherlan,Pottiphar,Rolley,5/28/2008,13,M,73,8,BEC,533
20200923988,Pavel,Tout,Rowden,5/13/2008,14,M,299,8,BEC,534
20203998386,Lea,Kobes,Breazeall,1/10/2008,14,F,222,8,BEC,535
20209322483,Winnifred,Trayes,Stranahan,11/20/2008,13,F,121,8,BEC,536
20206021799,Nahum,Caunt,Briamo,6/29/2008,13,M,353,8,BEC,537
20200340503,Thedrick,Lichtfoth,Parmenter,8/27/2008,13,M,108,8,BEC,538
20206630221,Noll,Foucard,Heeps,5/24/2008,13,M,56,8,BEC,539
20201333148,Courtnay,Faulkener,Knappitt,12/29/2008,14,M,217,8,BEC,540
20203680504,Illa,Brazur,Bellerby,3/4/2008,13,F,223,8,BEC,541
20202030225,Perry,Girkin,Prinne,7/18/2008,13,M,300,8,BEC,542
20201101562,Rowe,Rubinovitsch,Gillam,1/17/2008,13,F,271,8,BEC,543
20205558782,Casper,Dyneley,Bestwerthick,12/15/2008,14,M,285,8,BEC,544
20203802331,Clovis,Chafney,Copplestone,11/20/2008,13,F,68,8,BEC,545
20209148797,Eada,Bains,Lemmers,1/19/2008,13,F,282,8,BEC,546
20206110200,Connie,Genese,Bouzek,1/30/2008,14,F,78,8,BEC,547
20207136328,Barb,Dobbison,Lumsdon,12/23/2008,14,F,65,8,BEC,548
20204589195,Juline,Strettle,Rogeon,10/2/2008,14,F,386,8,BEC,549
20205352081,Candace,Fulun,Magor,8/23/2008,13,F,105,8,BEC,550
20201456342,Bartholemy,Alecock,Elmes,7/11/2008,14,M,43,8,BEC,551
20206994776,Bobbye,Redler,Gutsell,12/18/2008,13,F,323,8,BEC,552
20206924517,Floria,Emmison,MacVagh,11/16/2008,14,F,295,8,BEC,553
20206629496,Ginny,Peel,Freshwater,10/18/2008,14,F,86,8,BEC,554
20207976020,Jessa,Jendrich,Drysdale,8/29/2008,13,F,70,8,BEC,555
20206952278,Tarrah,Jandak,Gawn,12/28/2008,14,F,308,8,BEC,556
20208452794,Britt,Rookwell,Lower,9/14/2008,13,F,92,8,BEC,557
20203160173,Sibley,Rihosek,MacQueen,11/19/2008,13,F,101,8,BEC,558
20204594115,Ingamar,Olivetti,Fransemai,8/21/2008,14,M,62,8,BEC,559
20201174239,Ezekiel,Boleyn,Ainsbury,11/20/2008,14,M,108,8,BEC,560
20205996546,Leigh,Menere,Whitnell,6/13/2008,13,F,73,8,BEC,561
20204743849,Pail,Shakle,Lillyman,2/13/2008,13,M,89,8,BEC,562
20200407947,Garwood,Harcase,Westrip,7/17/2008,14,M,115,8,BEC,563
20200042491,Constantino,Eighteen,Dewi,7/17/2008,13,M,40,8,SPA,564
20205600754,Jarib,Yerrington,Woolsey,3/27/2008,13,M,276,8,SPA,565
20200317882,Margaretha,Thomason,Paul,2/20/2008,14,F,239,8,SPA,566
20207767460,Elonore,Scahill,Waterman,7/10/2008,14,F,193,8,SPA,567
20202881588,Mallorie,Geddes,Klewi,11/7/2008,14,F,92,8,SPA,568
20208624550,Doroteya,Kaiser,Crosfield,6/26/2008,13,F,370,8,SPA,569
20201934377,Elwira,McCrostie,Gumm,4/18/2008,14,F,285,8,SPA,570
20204066385,Arnaldo,Howell,Aston,10/2/2008,14,M,206,8,SPA,571
20203507316,Joni,Copozio,Le Monnier,2/20/2008,14,F,113,8,SPA,572
20205893515,Bealle,Tulloch,McCathie,4/14/2008,13,M,65,8,SPA,573
20209105531,Idalia,Summerton,Hovel,3/18/2008,13,F,254,8,SPA,574
20202653213,Karl,Barke,Allon,9/10/2008,13,M,169,8,SPA,575
20203811882,Heddi,Agglio,Muldoon,5/11/2008,13,F,97,8,SPA,576
20206016126,Helga,Ilyinykh,Bidgod,4/19/2008,13,F,309,8,SPA,577
20209467977,Bridie,Treleaven,Cogin,5/13/2008,14,F,41,8,SPA,578
20204728945,Zacharias,Simmons,Toovey,12/14/2008,13,M,137,8,SPA,579
20200081263,Darbee,Featherstonhalgh,Mc Harg,7/9/2008,14,M,167,8,SPA,580
20204821643,Goldi,Chestnut,de Quesne,2/23/2008,13,F,252,8,SPA,581
20205416054,Ricki,Jeanon,Keppy,1/22/2008,14,M,106,8,SPA,582
20209243802,Freeman,Renals,Bondley,1/2/2008,13,M,117,8,SPA,583
20205769900,Skip,Haton,Bignell,10/30/2008,13,M,309,8,SPA,584
20207349899,Phelia,Frigot,Tolerton,2/6/2008,13,F,341,8,SPA,585
20203114069,Dame,Prozescky,Blundan,6/27/2008,13,M,304,8,SPA,586
20207714784,Marlie,Piburn,Brahm,9/11/2008,14,F,164,8,SPA,587
20204019926,Evelina,Earey,Yewman,10/20/2008,13,F,89,8,SPA,588
20205519304,Reid,Tipler,Gerardin,11/27/2008,13,M,226,8,SPA,589
20200118010,Charmion,Winslett,Barsby,6/2/2008,14,F,137,8,SPA,590
20205532713,Oliy,Buntain,Kingscote,3/25/2008,13,F,247,8,SPA,591
20201725226,Eugenie,Radford,Duchatel,11/10/2008,14,F,109,8,SPA,592
20203501856,Hazel,Zorzi,Scirman,12/19/2008,13,F,350,8,SPA,593
20200140638,Georges,Clemens,Castagnier,4/9/2008,13,M,128,8,SPA,594
20205372352,Laura,Malicki,Iley,3/26/2008,14,F,126,8,SPA,595
20205581148,Binni,Ivanishchev,Scamal,12/2/2008,14,F,327,8,SPA,596
20202323827,Townie,Loges,Stilgoe,5/24/2008,14,M,337,8,SPA,597
20202195128,Fan,Stammers,Rove,8/29/2008,14,F,293,8,SPA,598
20203196381,Tomaso,Burris,Bedo,4/20/2008,14,M,116,8,SPA,599
20207167743,Arvie,Cooke,Gonzalo,10/23/2008,13,M,163,8,SPA,600
20204179694,Evangelia,Galier,Scollan,6/18/2008,14,F,347,8,SPA,601
20207085245,Roderick,Flight,Lawranson,6/15/2008,13,M,249,8,SPA,602
20203784369,Emiline,Fyfield,Kelshaw,10/2/2008,13,F,170,8,SPA,603
20206840697,Les,Rourke,Trees,6/18/2008,14,M,55,8,SPA,604
20206450194,Ardys,Whalley,Stamp,9/11/2008,13,F,391,8,SPA,605
20206834885,Niel,Gumley,Muckleston,9/18/2008,14,M,17,8,SPA,606
20208517380,Yankee,Walford,Ling,11/29/2008,14,M,34,8,SPA,607
20205119149,Gannon,McWhan,Verdey,6/19/2008,14,M,142,8,SPA,608
20209970534,Chiquita,Wedlock,Wegman,5/9/2008,13,F,348,8,SPA,609
20205616899,Chariot,Candish,Quesne,7/24/2008,14,M,377,8,SPA,610
20201742367,Anastasie,Hovert,Okill,9/16/2008,14,F,36,8,SPA,611
20206239729,Teodorico,Oloman,Breitling,7/10/2008,13,M,208,8,SPA,612
20209269286,Rona,Reynolds,Bresner,7/9/2008,13,F,102,8,SPA,613
20203519309,Hedda,Sturgess,Panniers,1/5/2008,14,F,83,8,SPA,614
20207043767,Doretta,Gault,Bonds,3/11/2008,14,F,270,8,SPA,615
20206698774,Denise,Tedridge,Goldes,9/10/2008,14,F,139,8,SPA,616
20209582383,Fabiano,MacHoste,Betancourt,11/6/2008,14,M,349,8,SPA,617
20208077189,Essy,Callaghan,Prandoni,5/18/2008,14,F,364,8,SPA,618
20206788171,Sam,Fowls,Luckey,6/10/2008,13,M,190,8,SPA,619
20203565838,Baxter,Pandya,Itzhaki,3/24/2008,14,M,66,8,SPA,620
20203134784,Cindie,Perrygo,Barnewall,5/7/2008,14,F,380,8,SPA,621
20202856214,Stefa,Simic,Agius,8/25/2008,13,F,399,8,SPA,622
20206827734,Bradly,Faraday,Caspell,8/27/2008,13,M,337,8,SPA,623
20200345723,Bartram,Kernoghan,Nibley,12/27/2008,14,M,142,8,SPA,624
20209998023,Guglielma,Hissett,Fordy,4/16/2008,14,F,325,8,SPA,625
20209056605,Sonya,Forward,McQuarter,10/23/2008,13,F,248,8,SPS,626
20208530657,Mattheus,Dredge,Dwerryhouse,4/11/2008,14,M,82,8,SPS,627
20204036804,Grady,Garnsey,Viscovi,12/6/2008,13,M,266,8,SPS,628
20207524266,Toni,Buxcey,Guerre,6/4/2008,13,F,79,8,SPS,629
20201260002,Jany,Thys,Scrinage,11/3/2008,14,F,93,8,SPS,630
20209883494,Kitti,Flukes,Shires,6/27/2008,14,F,277,8,SPS,631
20207807985,Gaye,Rive,Viel,4/25/2008,13,F,62,8,SPS,632
20206739119,Nikolas,Vannuccinii,Doornbos,5/26/2008,14,M,116,8,SPS,633
20205232223,Ferdinanda,Mc Corley,Edelheit,10/6/2008,13,F,244,8,SPS,634
20208135228,Bonni,Buckerfield,Vere,2/22/2008,13,F,78,8,SPS,635
20208022278,Inger,Wibrow,Eschalette,8/27/2008,14,M,238,8,SPS,636
20204525190,Ara,Rosenhaus,Linnett,10/19/2008,13,F,196,8,SPS,637
20208165943,Tanny,Tarren,Francillo,7/29/2008,14,M,223,8,SPS,638
20208409188,Myriam,Dederich,Antram,1/12/2008,14,F,19,8,SPS,639
20202451112,Guillema,Laugier,Raoul,9/16/2008,13,F,225,8,SPS,640
20204026617,Margarette,Gulberg,Harbach,1/3/2008,14,F,251,8,SPS,641
20209286787,Jaynell,Rignold,Christley,11/26/2008,14,F,227,8,SPS,642
20206242448,Upton,Gair,Bluett,8/30/2008,14,M,75,8,SPS,643
20203708175,Nigel,Crecy,Naerup,11/15/2008,13,M,149,8,SPS,644
20205916226,Estrellita,Kahler,Gilffilland,12/17/2008,13,F,325,8,SPS,645
20208753433,Chevy,Pellant,Joe,6/30/2008,14,M,166,8,SPS,646
20207382458,Kittie,Lideard,Clemmitt,5/4/2008,13,F,292,8,SPS,647
20201721523,Reg,Guice,Ruberry,11/18/2008,13,M,6,8,SPS,648
20204123714,Byrann,Grube,Pibsworth,7/1/2008,14,M,108,8,SPS,649
20205516977,Sanderson,Elsbury,Linde,8/1/2008,14,M,327,8,SPS,650
20207985898,Reade,Mark,Duetschens,1/18/2008,13,M,382,8,SPS,651
20206224534,Roch,Casement,Corhard,6/21/2008,14,F,248,8,SPS,652
20202898813,Tani,Kuban,Pacher,6/21/2008,13,F,363,8,SPS,653
20207551527,Dulsea,Vatcher,Carlsen,10/6/2008,14,F,116,8,SPS,654
20205371964,Winifield,Yegoshin,Diviney,9/8/2008,14,M,146,8,SPS,655
20201729042,Ulric,Castelin,Shillabeer,4/3/2008,14,M,67,8,SPS,656
20203113257,Consalve,Medlicott,Greening,8/1/2008,14,M,214,8,SPS,657
20207290966,Rickert,Eddow,Gonin,11/22/2008,14,M,84,8,SPS,658
20206927221,Kynthia,Aleksankov,Alishoner,6/22/2008,14,F,90,8,SPS,659
20203090027,Robinet,Twohig,Rajchert,3/10/2008,14,F,198,8,SPS,660
20203668721,Celestine,Chesterfield,Stoller,11/27/2008,14,F,333,8,SPS,661
20207087944,Bar,Pegg,Ribbens,9/28/2008,14,M,294,8,SPS,662
20208131026,Bern,Woolis,Moriarty,1/29/2008,14,M,212,8,SPS,663
20206933737,Daffi,McReedy,Culligan,10/20/2008,14,F,15,8,SPS,664
20209931101,Olimpia,Cornilleau,Shadwick,2/24/2008,14,F,95,8,SPS,665
20201892110,Horatius,Dulinty,Aizikovitch,9/25/2008,13,M,294,8,SPS,666
20205905431,Jillie,Duffyn,Heckle,11/29/2008,14,F,255,8,SPS,667
20207422921,Pennie,Alliott,Tomlett,12/30/2008,13,F,357,8,SPS,668
20203593505,Ade,Bastow,Worviell,8/13/2008,14,M,47,8,SPS,669
20202214179,Woodie,Kirkham,Babbage,10/1/2008,13,M,118,8,SPS,670
20207500287,Leigha,McEttigen,Zanicchelli,4/23/2008,13,F,119,8,SPS,671
20207447361,Skylar,Leatherbarrow,Gowry,3/2/2008,13,M,305,8,SPS,672
20207543645,Elonore,Sillett,Melmeth,3/26/2008,14,F,238,8,SPS,673
20208106323,Caria,Ashpital,Mueller,5/29/2008,14,F,102,8,SPS,674
20203503212,Amelina,Locock,Craisford,9/8/2008,14,F,363,8,SPS,675
20201928887,Salim,Stoker,Ravel,11/7/2008,14,M,202,8,SPS,676
20203293149,Leonelle,Whetton,Pietron,3/10/2008,13,F,196,8,SPS,677
20204695443,Errol,Craze,Gierck,2/25/2008,13,M,348,8,SPS,678
20201784154,Cathlene,Lowerson,Copestick,7/10/2008,13,F,89,8,SPS,679
20208072393,Pauli,Cowpertwait,McArdell,7/5/2008,14,F,392,8,SPS,680
20208081712,Ysabel,Broggio,Huikerby,2/26/2008,14,F,315,8,SPS,681
20203822767,Inge,Jurgensen,Vasiliev,3/11/2008,14,F,49,8,SPS,682
20206512526,Carley,Zimmer,Main,10/1/2008,14,F,315,8,SPS,683
20207726684,Otho,Scoyne,Look,5/7/2008,14,M,147,8,SPS,684
20209405918,Julie,Mation,Furness,11/24/2008,13,M,240,8,SPS,685
20208335004,Angelita,How,Gladdolph,1/8/2008,14,F,58,8,SPS,686
20206157629,Karee,Felder,Sutterfield,8/3/2008,14,F,327,8,SPS,687
20205658562,Jacklyn,Elland,MacAree,9/3/2008,14,F,213,8,STEM,688
20203329131,Lurlene,Ccomini,Antoshin,3/6/2008,14,F,148,8,STEM,689
20201134043,Clyde,Foran,Marunchak,11/17/2008,14,M,283,8,STEM,690
20206174248,Jeff,Rudeforth,Aughtie,11/17/2008,13,M,123,8,STEM,691
20208877905,Celestia,Doul,Domerque,6/22/2008,14,F,339,8,STEM,692
20200791979,Cordula,Quested,Satchell,6/28/2008,13,F,293,8,STEM,693
20203555886,Rasla,Josofovitz,Christon,7/17/2008,13,F,387,8,STEM,694
20207151566,Duffie,Marzelli,Dericut,11/29/2008,14,M,96,8,STEM,695
20202853124,Putnem,Di Ruggiero,Ripley,2/27/2008,14,M,101,8,STEM,696
20201855097,Seamus,Upfold,Cornely,9/6/2008,13,M,344,8,STEM,697
20208151420,Marmaduke,Freear,McBrady,7/31/2008,14,M,52,8,STEM,698
20209613168,Brennan,Dablin,Gravenall,9/15/2008,14,M,234,8,STEM,699
20204570821,Delcine,Bohlens,Scatchard,6/5/2008,13,F,47,8,STEM,700
20208544831,Merna,Petley,Gosswell,4/8/2008,13,F,385,8,STEM,701
20206309991,Hyacintha,Chatto,Johanssen,4/26/2008,14,F,250,8,STEM,702
20205028437,Elyssa,Fritchly,Prayer,3/1/2008,13,F,282,8,STEM,703
20203330503,Savina,Dunbobin,Pinfold,10/11/2008,13,F,222,8,STEM,704
20203422829,Merralee,Denzey,Dawley,1/18/2008,14,F,47,8,STEM,705
20204110439,Edmund,O'Cannavan,Winslade,3/10/2008,14,M,264,8,STEM,706
20208282634,Staford,Prantl,Thominga,11/6/2008,14,M,13,8,STEM,707
20203619335,Katerina,Basant,Hadeke,11/4/2008,13,F,258,8,STEM,708
20208435224,Culver,Roalfe,Snoad,4/3/2008,14,M,5,8,STEM,709
20203333519,Giorgio,Dyne,Roches,2/9/2008,13,M,154,8,STEM,710
20200244483,Bert,Solly,Scrowby,1/17/2008,13,M,46,8,STEM,711
20205402017,Bard,Klimuk,Ockwell,12/2/2008,13,M,93,8,STEM,712
20205801409,Walton,Berthod,Drayson,6/25/2008,14,M,246,8,STEM,713
20203671766,Merissa,Wellington,Huckett,3/5/2008,14,F,194,8,STEM,714
20203067641,Charleen,Nagle,Wegener,10/23/2008,13,F,2,8,STEM,715
20202413325,Meris,Sacher,Juarez,6/17/2008,13,F,367,8,STEM,716
20208232335,Dorotea,Freke,Dudenie,4/29/2008,14,F,27,8,STEM,717
20208438235,Marj,Catterell,Huckel,3/6/2008,13,F,184,8,STEM,718
20208579984,Maurine,Housiaux,Burriss,7/31/2008,14,F,212,8,STEM,719
20203894396,Charyl,Crinion,Hiskey,7/14/2008,14,F,269,8,STEM,720
20206384940,Kellia,Lacky,Peffer,9/7/2008,13,F,351,8,STEM,721
20204932846,Konstance,Arpin,Solleme,8/31/2008,14,F,168,8,STEM,722
20209928029,Lindy,Jahner,Ash,8/23/2008,14,M,88,8,STEM,723
20203446303,Inessa,Ivic,Le Pine,9/5/2008,13,F,112,8,STEM,724
20209611841,Norina,Huchot,Southcomb,8/4/2008,14,F,344,8,STEM,725
20200372162,Amara,Dalzell,Bunyan,6/15/2008,13,F,187,8,STEM,726
20208734407,Marley,Dudny,Chesterfield,8/24/2008,14,F,27,8,STEM,727
20200296149,Gal,Casellas,Moyse,10/17/2008,13,M,328,8,STEM,728
20203367589,Etan,Giovannilli,Burds,5/11/2008,14,M,400,8,STEM,729
20202319458,Tatiania,Goodding,Pawnsford,11/20/2008,14,F,15,8,STEM,730
20208649604,Haydon,Dodgson,Grimstead,3/15/2008,14,M,265,8,STEM,731
20202602268,Symon,Cammoile,Biddiss,2/1/2008,13,M,77,8,STEM,732
20208873632,Creigh,Solway,Beddon,2/9/2008,14,M,25,8,STEM,733
20201524682,Ada,Diviney,Barok,8/7/2008,13,F,31,8,STEM,734
20202898379,Ardys,Sturm,Plumptre,5/8/2008,13,F,331,8,STEM,735
20200549552,Jonathan,Edwinson,Tant,5/26/2008,13,M,205,8,STEM,736
20205018662,Milka,Swaine,Hilley,9/9/2008,13,F,294,8,STEM,737
20207428766,Dorita,Breakspear,Lamacraft,3/26/2008,13,F,214,8,STEM,738
20202646802,Karoly,Pidgeon,Pead,2/1/2008,13,M,118,8,STEM,739
20203407025,Nealson,Bracken,Waterhouse,5/23/2008,14,M,386,8,STEM,740
20203141998,Audi,Busfield,Summers,7/15/2008,13,F,230,8,STEM,741
20206227874,Norene,Kingsford,Monk,8/20/2008,14,F,29,8,STEM,742
20207965805,Garik,Pealing,Turbern,12/24/2008,13,M,273,8,STEM,743
20203903611,Candra,Tweedy,Brownscombe,4/28/2008,13,F,5,8,STEM,744
20205664356,Jethro,Ogilby,Richarson,9/10/2008,14,M,169,8,STEM,745
20206207850,Zonda,Johanning,Dikle,8/19/2008,13,F,273,8,STEM,746
20202607078,Laird,Garie,McArdle,10/19/2008,14,M,126,8,STEM,747
20204334591,Cam,Monery,Harridge,9/12/2008,14,F,355,8,STEM,748
20200823657,Emelen,Juara,Minelli,10/17/2008,14,M,343,8,STEM,749
20200414381,Maye,Alfwy,Gransden,2/28/2008,13,F,191,8,STEM,750
20218338663,Isahella,De Cruz,Emanuelov,11/5/2007,15,F,254,9,BEC,751
20210778855,Maxwell,Stadden,Van Oord,7/27/2007,15,M,366,9,BEC,752
20210001949,Boniface,Giorgione,Caunce,8/8/2007,15,M,140,9,BEC,753
20219650625,Berton,Spargo,Baccus,1/8/2007,14,M,391,9,BEC,754
20211071982,Filbert,Megarry,Jandak,4/28/2007,14,M,304,9,BEC,755
20210722380,Renate,Mergue,Goligly,1/29/2007,14,F,150,9,BEC,756
20215578422,Jennette,Burland,Skehens,9/8/2007,15,F,201,9,BEC,757
20215689266,Trudie,Sheppey,Leifer,9/9/2007,15,F,33,9,BEC,758
20217119494,Hillery,Fancet,Loffel,9/9/2007,15,M,300,9,BEC,759
20219539358,Rosella,Windross,Merill,10/21/2007,14,F,305,9,BEC,760
20212085375,Robinet,Currington,Cominetti,4/25/2007,14,F,34,9,BEC,761
20213054536,Jojo,Hebblewaite,Webburn,1/10/2007,14,F,120,9,BEC,762
20210205242,Marissa,Golson,Grigg,3/8/2007,14,F,71,9,BEC,763
20219531654,Maurene,Erett,Bonus,6/14/2007,15,F,239,9,BEC,764
20212410205,Wynn,Taleworth,Stanborough,2/10/2007,15,F,49,9,BEC,765
20215401853,Blisse,Phillps,Gordge,5/5/2007,15,F,350,9,BEC,766
20215594247,Shermy,Stanmore,Nekrews,9/13/2007,15,M,341,9,BEC,767
20215699148,Osborn,Mariyushkin,Gerrelt,3/12/2007,15,M,283,9,BEC,768
20214993198,Maurise,Saltsberg,Edwardes,4/11/2007,14,F,2,9,BEC,769
20213531130,Goldie,Rolstone,De Cristoforo,8/24/2007,14,F,294,9,BEC,770
20213087880,Pauli,Emtage,Speers,12/14/2007,15,F,358,9,BEC,771
20215422297,Sid,Cushworth,McReidy,3/8/2007,15,M,215,9,BEC,772
20214810989,Cody,Letherbury,Gostridge,4/2/2007,14,M,136,9,BEC,773
20213424451,Jessey,Bignall,Spurdle,9/11/2007,15,M,338,9,BEC,774
20219806373,Arri,Ambroisin,Oakton,11/3/2007,14,M,147,9,BEC,775
20210763475,Jere,Kidby,Bruster,12/18/2007,14,M,56,9,BEC,776
20218294361,Elysha,Oldknowe,Persehouse,10/26/2007,15,F,269,9,BEC,777
20211782392,Essie,Butte,Beade,9/19/2007,14,F,105,9,BEC,778
20211927702,Ronald,Burnyate,Vaudre,3/14/2007,14,M,100,9,BEC,779
20214938446,Sonnnie,Gormley,Ugoletti,1/5/2007,14,F,329,9,BEC,780
20219242702,Lennard,Winslett,Potter,2/2/2007,15,M,47,9,BEC,781
20213505190,Carilyn,Agge,Sotheby,10/10/2007,15,F,19,9,BEC,782
20210798677,Henka,Bake,Osboldstone,2/25/2007,15,F,230,9,BEC,783
20214426326,Margi,Upshall,Mirando,8/21/2007,14,F,200,9,BEC,784
20212993028,Kaela,Callan,McLeary,4/11/2007,15,F,200,9,BEC,785
20211569580,Jerrome,Jannasch,Donet,9/6/2007,14,M,330,9,BEC,786
20219913757,Nicoli,Charters,Cockburn,1/9/2007,14,F,15,9,BEC,787
20217075543,Mayne,Thorndale,Saltsberger,3/28/2007,15,M,70,9,BEC,788
20211566502,Langsdon,Girtin,Hubberstey,3/31/2007,15,M,120,9,BEC,789
20212350389,Perry,Babalola,Blundel,12/22/2007,14,M,370,9,BEC,790
20213065060,Emelda,Lowers,MacLice,4/23/2007,14,F,388,9,BEC,791
20214972105,Alexei,Uden,Trazzi,7/11/2007,15,M,119,9,BEC,792
20219553063,Salomon,Nuzzi,Ebbage,11/11/2007,14,M,342,9,BEC,793
20215377580,Starlin,Kobierzycki,Trowl,6/16/2007,14,F,389,9,BEC,794
20218013089,Weider,Halbeard,Currum,7/15/2007,14,M,162,9,BEC,795
20212427216,Vallie,Ondrus,Walter,9/25/2007,14,F,67,9,BEC,796
20216920142,Jeanna,Krysztofowicz,Cleary,3/7/2007,15,F,202,9,BEC,797
20211642516,Catlee,Cheeney,Wolfenden,11/28/2007,14,F,367,9,BEC,798
20215008619,Venus,Crean,Trice,10/28/2007,14,F,378,9,BEC,799
20218761614,Berny,Thynne,Orneblow,7/3/2007,14,M,237,9,BEC,800
20218243314,Greer,Zollner,Mingame,1/29/2007,14,F,76,9,BEC,801
20216095660,Fernandina,Mapston,Dermott,10/2/2007,14,F,289,9,BEC,802
20215122042,Luce,Officer,Lindenbaum,7/13/2007,14,M,30,9,BEC,803
20211653788,Lilly,Duplock,Letts,5/16/2007,15,F,213,9,BEC,804
20214561850,Cori,Sammon,Ridger,2/8/2007,15,M,131,9,BEC,805
20215134893,Arney,Edgington,Cumberbatch,2/19/2007,14,M,219,9,BEC,806
20217672944,Massimiliano,Wevell,Grinin,9/9/2007,15,M,108,9,BEC,807
20213679916,Nikolaos,Chaman,Trematick,11/27/2007,15,M,146,9,BEC,808
20216158600,Silas,Kear,Docker,10/28/2007,15,M,73,9,BEC,809
20214091556,Morna,Connochie,Balaison,8/10/2007,15,F,57,9,BEC,810
20215994532,Sisely,Bason,Grierson,6/23/2007,14,F,11,9,BEC,811
20213240823,Antoni,Bushill,Isaksen,7/12/2007,15,M,261,9,BEC,812
20214235814,Wyatan,Amiranda,Gready,11/10/2007,15,M,361,9,BEC,813
20216842471,Kellby,Jagg,Constant,8/8/2007,15,M,368,9,SPA,814
20218854713,Sammy,Bunten,Neasham,10/24/2007,14,M,3,9,SPA,815
20211960197,Felix,Poleye,Vanezis,3/31/2007,14,M,134,9,SPA,816
20215966939,Hayden,Stanfield,Eskrigge,10/12/2007,15,M,243,9,SPA,817
20219804344,Zedekiah,Pinckney,Deely,7/13/2007,14,M,332,9,SPA,818
20219494010,Cathee,Peagrim,Ziebart,8/5/2007,15,F,208,9,SPA,819
20215713780,Price,Wheatman,Cuming,4/8/2007,15,M,370,9,SPA,820
20215798599,Worden,McNalley,Kunes,5/11/2007,14,M,36,9,SPA,821
20213272674,Farly,Jirak,Faber,4/28/2007,15,M,394,9,SPA,822
20214101269,Felipa,Ivantsov,Roycroft,12/8/2007,15,F,82,9,SPA,823
20215327607,Van,Candy,Prisley,2/1/2007,15,F,36,9,SPA,824
20210300625,Winona,McIlwain,Conibear,11/1/2007,15,F,255,9,SPA,825
20217755087,Cesar,Lenihan,Dominiak,10/27/2007,15,M,63,9,SPA,826
20211888910,Patty,Bogey,Issacov,5/20/2007,14,M,223,9,SPA,827
20210214496,Evangelin,Ledrun,Mallindine,4/22/2007,14,F,91,9,SPA,828
20214812884,Marianne,Seager,Shark,2/8/2007,14,F,85,9,SPA,829
20217862066,Rollin,O'Neal,McCool,8/2/2007,14,M,290,9,SPA,830
20215658931,Abramo,Pattemore,McTiernan,4/27/2007,14,M,306,9,SPA,831
20214273751,Ludovico,Billows,McFeate,7/21/2007,14,M,2,9,SPA,832
20216170572,Matilda,Donavan,Kale,3/10/2007,14,F,314,9,SPA,833
20212471973,Esmeralda,Brierton,MacRierie,7/17/2007,15,F,335,9,SPA,834
20211796551,Gregorio,Franses,Boxer,6/3/2007,14,M,127,9,SPA,835
20216888691,Jacob,Pilley,Iacovides,9/18/2007,14,M,88,9,SPA,836
20216735523,Corty,Peetermann,Rispin,11/5/2007,15,M,176,9,SPA,837
20215453779,Valentine,Kiehnlt,Croot,11/27/2007,14,M,87,9,SPA,838
20211661711,Leora,Nevet,Renak,11/26/2007,14,F,46,9,SPA,839
20218953931,Alidia,Easterling,Wagstaff,12/3/2007,14,F,137,9,SPA,840
20217120787,Dierdre,Gehrtz,Briddock,11/11/2007,15,F,333,9,SPA,841
20217294938,Wyn,Allpress,Chasmer,4/7/2007,14,M,97,9,SPA,842
20219749703,Emmit,Fatscher,Hainey,3/4/2007,15,M,58,9,SPA,843
20216973088,Elliott,McQuarrie,Scourge,10/8/2007,15,M,132,9,SPA,844
20216269076,Vaclav,Wynch,Woodrow,4/11/2007,15,M,142,9,SPA,845
20215709975,Trevor,Giacobini,Walcot,2/24/2007,14,M,286,9,SPA,846
20210240244,Bert,Comerford,McAlister,4/7/2007,15,M,151,9,SPA,847
20211923479,Woodie,Ellwand,Kneafsey,7/13/2007,14,M,27,9,SPA,848
20214081724,Pippo,Duker,Shire,5/7/2007,15,M,173,9,SPA,849
20219712555,Jobey,Haliday,Strand,1/1/2007,15,F,261,9,SPA,850
20216644799,Der,Kellet,Burkman,4/5/2007,14,M,17,9,SPA,851
20217322055,Ingeborg,Trowell,Hayesman,9/14/2007,15,F,240,9,SPA,852
20213417426,Saleem,Medling,Rentalll,1/19/2007,14,M,160,9,SPA,853
20219706351,Rafaello,McAvaddy,Yesinov,4/27/2007,14,M,231,9,SPA,854
20211829671,Anna-diana,Thireau,Sturdy,12/4/2007,15,F,322,9,SPA,855
20216309891,Bran,MacDougal,Bleddon,8/9/2007,15,M,53,9,SPA,856
20213929851,Glennis,Grindle,Lammert,10/22/2007,14,F,319,9,SPA,857
20213443864,Arie,Mollitt,Mugford,5/28/2007,15,M,271,9,SPA,858
20218713589,Gherardo,Lohde,Vearnals,2/15/2007,15,M,77,9,SPA,859
20215959241,Dore,Rocks,Eccott,4/27/2007,15,F,44,9,SPA,860
20216719603,Carlo,Buckthorp,Davley,11/28/2007,15,M,187,9,SPA,861
20210915968,Raviv,Schuster,Rubury,3/11/2007,15,M,386,9,SPA,862
20215344858,Maddalena,Squibe,Whight,4/8/2007,14,F,127,9,SPA,863
20213839919,Chaunce,Draxford,Deller,8/23/2007,15,M,254,9,SPA,864
20212808621,Dawna,Eggleson,McCuish,4/9/2007,14,F,229,9,SPA,865
20217941734,Conny,Monshall,Scala,7/6/2007,15,F,269,9,SPA,866
20210748872,Reine,Lillgard,Curzey,6/16/2007,14,F,225,9,SPA,867
20216504462,Duane,Boys,Golborne,12/6/2007,14,M,244,9,SPA,868
20217261208,Ranee,Roark,Waddington,8/14/2007,14,F,277,9,SPA,869
20216960639,Jorie,Brumhead,Chastel,5/22/2007,15,F,242,9,SPA,870
20212649449,Gard,Willingale,Billingham,2/21/2007,15,M,161,9,SPA,871
20215265524,Aimee,O'Keenan,Janda,11/21/2007,15,F,280,9,SPA,872
20217195374,Tommi,Rodinger,Dorrance,4/5/2007,14,F,341,9,SPA,873
20211979684,Nixie,Levermore,Trighton,11/1/2007,14,F,18,9,SPA,874
20210679276,Berthe,Hancox,Gaye,2/13/2007,15,F,387,9,SPA,875
20216092642,Lezlie,Albany,Cockson,10/8/2007,14,F,41,9,SPS,876
20210376223,Grove,McKennan,Pinnegar,4/25/2007,14,M,146,9,SPS,877
20213672872,Glenn,Tanfield,Alderwick,3/14/2007,15,F,302,9,SPS,878
20211236766,Dalli,Chaffey,Dow,1/16/2007,14,M,246,9,SPS,879
20211889834,Gayleen,Bamblett,Turri,9/11/2007,15,F,20,9,SPS,880
20216640881,Kaylee,McClay,Vynoll,8/17/2007,14,F,46,9,SPS,881
20213124078,Bourke,Manthorpe,Finnes,11/19/2007,15,M,162,9,SPS,882
20213496183,Grace,Truran,MacConchie,6/30/2007,14,M,303,9,SPS,883
20215141411,Lissie,Wymer,MacGorley,4/8/2007,15,F,104,9,SPS,884
20211337878,Malchy,Marquet,Willeman,9/24/2007,14,M,303,9,SPS,885
20215371076,Sheila-kathryn,Geffe,Carmel,1/11/2007,15,F,73,9,SPS,886
20214693122,Woody,Lorraway,Andrusov,9/8/2007,14,M,228,9,SPS,887
20210600985,Charlena,Epsly,Woodyer,10/27/2007,14,F,5,9,SPS,888
20217736423,Nikki,Luppitt,Nibley,5/12/2007,15,F,75,9,SPS,889
20210723212,Dacia,Rockall,Chatterton,3/25/2007,15,F,87,9,SPS,890
20211827500,Hercule,Roper,Morad,8/7/2007,14,M,375,9,SPS,891
20217628067,Gerardo,Kennan,Dabrowski,3/17/2007,14,M,56,9,SPS,892
20217540267,Clara,Liggons,Wathall,5/6/2007,14,F,144,9,SPS,893
20211804636,Berkley,Narbett,Hardey,5/31/2007,14,M,22,9,SPS,894
20213534739,Ira,Cawsby,Marshal,7/20/2007,14,M,33,9,SPS,895
20213763080,Joe,Texton,Fearby,2/11/2007,14,M,106,9,SPS,896
20210275464,Almira,Tawton,Stannus,3/22/2007,14,F,268,9,SPS,897
20213229082,Augustine,Scholz,Duncan,1/27/2007,15,M,155,9,SPS,898
20211495864,Caren,Shilladay,Killiner,9/22/2007,15,F,153,9,SPS,899
20211008578,Phillie,Coit,Padefield,11/30/2007,15,F,203,9,SPS,900
20219366440,Rois,Wayland,Trudgeon,12/1/2007,15,F,253,9,SPS,901
20215695461,Polly,Sketchley,Garlick,1/7/2007,15,F,187,9,SPS,902
20215960043,Michal,Blyth,Rosenfelder,4/3/2007,15,F,209,9,SPS,903
20217710830,Laraine,Linklet,Greyes,12/16/2007,14,F,65,9,SPS,904
20216886543,Corissa,Brandsma,Titcumb,5/20/2007,14,F,349,9,SPS,905
20217052325,Otho,Stucke,Dettmar,10/20/2007,14,M,296,9,SPS,906
20216957451,Rand,Ambrodi,McCrachen,2/2/2007,14,M,216,9,SPS,907
20217078145,Deena,Binham,Larose,9/9/2007,15,F,383,9,SPS,908
20211154479,Di,Flieger,Crumby,3/19/2007,15,F,72,9,SPS,909
20215856887,Giuseppe,Bohl,Vearncombe,4/20/2007,15,M,31,9,SPS,910
20216562088,Esteban,Po,Whitrod,10/6/2007,14,M,142,9,SPS,911
20210807812,Vivienne,Hanshaw,Verity,4/21/2007,15,F,58,9,SPS,912
20217099618,Gayelord,Martelet,Stevani,10/5/2007,15,M,113,9,SPS,913
20211083562,Adora,Hardey,Lightewood,12/28/2007,14,F,352,9,SPS,914
20217485466,Gerard,Manifould,Fransewich,6/27/2007,15,M,78,9,SPS,915
20217038564,Charley,Bernolet,Stower,8/28/2007,15,M,341,9,SPS,916
20215495690,Abdul,Lethby,Boules,2/7/2007,15,M,244,9,SPS,917
20216823753,Jo-ann,Tinston,Terron,9/4/2007,15,F,328,9,SPS,918
20212328101,Chickie,Mallia,Seary,12/22/2007,14,F,8,9,SPS,919
20219496846,Laura,Philippeaux,Lyes,8/14/2007,14,F,302,9,SPS,920
20215457317,Aryn,Rollo,Duddan,3/19/2007,15,F,127,9,SPS,921
20219642882,Blaire,Lafee,Figgess,4/23/2007,14,F,280,9,SPS,922
20210702929,Alric,Richard,Brilon,7/1/2007,14,M,28,9,SPS,923
20210781093,Fidelio,Ruprich,Chismon,1/27/2007,15,M,309,9,SPS,924
20218319275,Audi,Le Gassick,Sibbe,7/13/2007,15,F,378,9,SPS,925
20212450410,Otha,Pickance,Crocetti,2/26/2007,14,F,30,9,SPS,926
20218851281,Marianne,Gilfoy,Kermon,11/26/2007,14,F,368,9,SPS,927
20217548097,Raynard,Gadie,Walas,8/28/2007,14,M,27,9,SPS,928
20218468607,Rab,Pietri,Fiddler,9/8/2007,15,M,322,9,SPS,929
20211873426,Fidole,Estrella,Janeway,1/13/2007,15,M,335,9,SPS,930
20218549263,Tabby,Amies,Poolman,10/26/2007,15,F,304,9,SPS,931
20218887744,Bernie,Gellier,Althorp,6/26/2007,14,M,35,9,SPS,932
20212535906,Willem,Mennell,Robinett,12/25/2007,15,M,251,9,SPS,933
20218101731,Peder,Elsom,Thraves,11/15/2007,15,M,263,9,SPS,934
20211340029,Florenza,Harbin,Maddocks,6/23/2007,15,F,222,9,SPS,935
20219293271,Ronald,Wards,Sibyllina,8/22/2007,15,M,113,9,SPS,936
20211246653,Archambault,Antoshin,McCullum,10/12/2007,15,M,140,9,SPS,937
20214270897,Aloise,Mattsson,Reims,9/19/2007,15,F,281,9,STEM,938
20210927532,Evey,Burndred,Deabill,8/21/2007,15,F,254,9,STEM,939
20218074203,Gerrie,Geering,Simpkiss,6/2/2007,14,M,25,9,STEM,940
20212165697,Rayna,Attkins,Skiggs,5/15/2007,15,F,126,9,STEM,941
20214249244,Jaquith,McNelly,Bustin,3/8/2007,15,F,64,9,STEM,942
20215605392,Pearce,Spere,Rainsdon,10/23/2007,14,M,44,9,STEM,943
20211660896,Reidar,Doumerc,Trengove,7/19/2007,14,M,194,9,STEM,944
20216081750,Aurelea,Ringe,Goshawk,9/26/2007,14,F,44,9,STEM,945
20218365979,Jacky,Tolle,Gannaway,3/8/2007,15,M,327,9,STEM,946
20211180528,Peyter,Care,Drepp,4/20/2007,14,M,214,9,STEM,947
20218696098,Oliviero,McGrory,Pyburn,4/29/2007,15,M,355,9,STEM,948
20217873844,Lydon,Jiranek,Belsey,10/19/2007,15,M,211,9,STEM,949
20218254049,Carling,Crammy,Ferrini,8/24/2007,14,M,239,9,STEM,950
20211545947,Jaime,Brinklow,Winterborne,1/18/2007,15,M,194,9,STEM,951
20211448074,Tyrone,Bog,Castillou,1/6/2007,15,M,119,9,STEM,952
20218023219,Melisande,Stalf,Begbie,6/1/2007,14,F,286,9,STEM,953
20211820758,Olivia,Stoodale,O'Giany,4/21/2007,15,F,132,9,STEM,954
20217586618,Isidore,Tardiff,Hugonin,6/4/2007,14,M,131,9,STEM,955
20214588250,Ivan,McGeffen,Dachey,1/19/2007,14,M,329,9,STEM,956
20218947495,Alejandro,Agass,Luard,10/2/2007,15,M,247,9,STEM,957
20215681977,Aymer,Marjanovic,Whawell,6/7/2007,14,M,326,9,STEM,958
20210566954,Maggi,Local,Meharry,1/19/2007,15,F,102,9,STEM,959
20212230477,Keefer,Fedorchenko,Whapples,3/2/2007,15,M,141,9,STEM,960
20212709070,Rees,Vittet,Mariel,5/3/2007,14,M,209,9,STEM,961
20213749565,Trenton,Everill,Leades,3/18/2007,14,M,394,9,STEM,962
20210454521,Tedra,Castellini,de Wilde,10/13/2007,15,F,71,9,STEM,963
20215857414,Maryanna,Haslin,Quinion,6/1/2007,14,F,143,9,STEM,964
20213112870,Kiel,Frewer,Raithmill,5/19/2007,14,M,211,9,STEM,965
20210934422,Gertrudis,Christie,Monkman,8/13/2007,14,F,161,9,STEM,966
20212917340,Kin,Clute,Begg,3/19/2007,14,M,100,9,STEM,967
20213355712,Rinaldo,Haggart,Croutear,6/2/2007,14,M,200,9,STEM,968
20213227755,Bern,Renoden,Elintune,10/6/2007,14,M,80,9,STEM,969
20218531027,Desiree,Sailor,Attenborough,11/17/2007,15,F,373,9,STEM,970
20211482634,Gasper,Ick,Dresche,1/4/2007,15,M,345,9,STEM,971
20211493657,Chariot,D'Angeli,Rother,10/16/2007,15,M,253,9,STEM,972
20219289504,Linnet,Mettrick,Barabisch,11/18/2007,15,F,370,9,STEM,973
20213457376,Daniel,Varnals,Colley,7/27/2007,15,M,320,9,STEM,974
20216713192,Hettie,Mahedy,Lusher,11/14/2007,14,F,114,9,STEM,975
20214275999,Lebbie,Cornelissen,Wegner,7/13/2007,15,F,309,9,STEM,976
20210385563,Reynolds,Macer,Silvers,7/17/2007,14,M,132,9,STEM,977
20213458170,Selig,Arnaez,Cornford,7/29/2007,14,M,398,9,STEM,978
20216265993,Doyle,Vedeneev,Giraudou,4/4/2007,14,M,224,9,STEM,979
20211110277,Morganne,Hallbord,Madgewick,11/3/2007,15,F,291,9,STEM,980
20212623913,Raquel,Radke,Budik,6/28/2007,15,F,340,9,STEM,981
20212620178,Seumas,Kyneton,Croydon,6/16/2007,15,M,73,9,STEM,982
20219701055,Gilburt,Steptowe,Blodgett,2/16/2007,15,M,135,9,STEM,983
20213096975,Darline,Rogger,Dranfield,1/4/2007,15,F,155,9,STEM,984
20216989505,Ahmad,Petren,Roback,8/29/2007,15,M,1,9,STEM,985
20213370160,Barnebas,Llewellyn,Lewinton,4/29/2007,14,M,370,9,STEM,986
20215181987,Ricky,Crudginton,Bales,1/20/2007,15,M,206,9,STEM,987
20217292462,Meyer,Sommerland,Drillingcourt,10/19/2007,15,M,85,9,STEM,988
20215101500,Jessie,Bennington,Grunson,8/4/2007,14,M,146,9,STEM,989
20212518730,Elwyn,Somerscales,Shillabeer,3/24/2007,15,M,301,9,STEM,990
20213195611,Michele,Ebben,Twizell,2/18/2007,15,M,6,9,STEM,991
20210203186,Alf,Leathe,Hovy,9/5/2007,14,M,204,9,STEM,992
20218548512,Carmine,Dimberline,Spehr,7/8/2007,15,F,256,9,STEM,993
20214932028,Illa,Pendleberry,Shillabeare,1/27/2007,14,F,61,9,STEM,994
20216779315,Arie,Cardenas,Coucha,8/30/2007,14,M,218,9,STEM,995
20210498223,Cari,Girardey,Shenton,12/5/2007,15,F,199,9,STEM,996
20211358527,Sharyl,McVrone,Myton,4/16/2007,15,F,376,9,STEM,997
20213106654,Honey,Kovelmann,Peacock,11/30/2007,15,F,101,9,STEM,998
20218071124,Wye,Sandever,Erickson,6/23/2007,15,M,229,9,STEM,999
20218266697,Jud,Glaisner,Logsdale,10/2/2007,15,M,269,9,STEM,1000
